{
  "custom:0,1,1b,1c,2,2b,3,4,5,6,7,8,9,10": {
    "samples": 1,
    "mean_seconds": 26054.951,
    "last_seconds": 26054.951
  },
  "verify": {
    "samples": 6,
    "mean_seconds": 0.0825,
    "last_seconds": 0.184
  },
  "overkill": {
    "samples": 3,
    "mean_seconds": 0.021666666666666667,
    "last_seconds": 0.029
  },
  "overkill_full": {
    "samples": 3,
    "mean_seconds": 0.043333333333333335,
    "last_seconds": 0.041
  }
}